pays;region;province;District;Annee;Accouchements attendus;CE-Nouveaux consultants;CE-Nouveaux consultants moins de cinq ans;Consultations postnatales  6eme-8eme heure;Consultations postnatales  6eme-8eme semaine;Enfants de 0 -11 mois ayant recu le DTC-HepB-Hib1;Enfants de 0 -11 mois ayant recu le DTC-HepB-Hib3;Femmes vues en CPN au cours du mois et ayant beneficie d’un test VIH;GEN - Population de moins de 5 ans;GEN - Population total;Grossesses attendues;Naissances vivantes attendues;Nombre de CPN1;Nombre de CPN1 vues au 1er trimestre de la grossesse;Nombre de CPN4;Nombre de enfants pris en charge selon approche PCIME;Nombre de femmes enceintes ayant recu le TPI3;Nouveau-nes a terme de moins de 2500 g  a la naissance;Nouveau-nes mis aux seins dans l’heure qui suit la naissance;Palu-Cas de paludisme suspect cas;Palu-TDR et GE realises;Population < 1 an;SMI-Accouchement total;SMI-Nombre de femmes ayant accouche;SMI-total naissance vivante
Burkina Faso;Cascades;Comoe;DS Banfora;2024;18350;527873;168938;15140;7480;19329;19102;21881;80117;440796;22937;17842;22038;10409;14527;154829;16757;1180;15674;335579;321752;16741;16014;15884;15860
Burkina Faso;Centre Nord;Sanmatenga;DS Barsalogho;2024;9709;93565;33434;1516;666;3409;3152;2389;42874;221772;12136;9579;2441;1148;1042;29041;1099;214;1507;46143;46143;9020;1519;1518;1508
Burkina Faso;Centre;Kadiogo;DS Baskuy;2024;6804;342357;69544;3900;4731;6120;6502;8586;26675;184036;8505;6615;8894;3814;7363;20034;6163;299;4058;163282;157360;5996;4155;4055;4094
Burkina Faso;Sud Ouest;Noumbiel;DS Batie;2024;4311;192102;64755;6015;3376;6083;5725;8186;19578;112968;5389;4227;8280;3982;4172;60316;4748;422;6335;139101;139098;4074;6259;6150;6163
Burkina Faso;Centre Est;Boulgou;DS Bittou;2024;6569;186299;60631;4367;900;5012;5108;5103;28829;156614;8212;6418;5104;1849;2892;44004;4021;297;4469;143054;143054;6016;4777;4672;4640
Burkina Faso;Est;Gnagna;DS Bogande;2024;23602;404385;144801;18237;9695;18738;17862;21724;101885;490843;29503;23189;22898;12677;15621;132852;19050;876;17621;239768;238577;21620;18742;18690;18494
Burkina Faso;Centre;Kadiogo;DS Bogodogo;2024;41535;1251011;392651;23970;10870;36750;37074;41362;162831;1123298;51918;40377;41163;15023;23275;173915;34922;2809;26937;667794;641721;36597;28039;27685;27739
Burkina Faso;Boucle du Mouhoun;Bale;DS Boromo;2024;12473;482101;115064;16146;4992;15467;14367;17858;61079;338945;15591;12239;18513;9094;11598;98228;12030;1063;15438;314951;282457;12738;16626;16383;16288
Burkina Faso;Centre;Kadiogo;DS Boulmiougou;2024;45490;1301115;400080;29159;9195;39189;38034;41132;178336;1230251;56862;44222;36279;13148;23370;254703;32996;2584;31277;814252;798220;40082;32899;32619;32378
Burkina Faso;Centre Nord;Namentenga;DS Boulsa;2024;11664;192561;71473;6487;1324;6544;6828;6826;51509;266437;14581;11508;6901;2564;3950;64435;5210;508;6398;124397;124392;10836;6661;6589;6565
Burkina Faso;Centre Nord;Sanmatenga;DS Boussouma;2024;10855;338309;133551;9999;7983;12512;11702;11426;47937;247970;13569;10710;11287;6215;9187;130238;10907;469;10016;240017;240196;10084;10283;10230;10237
Burkina Faso;Plateau Central;Kourweogo;DS Bousse;2024;8075;256172;86301;5888;2200;7343;7295;6112;36927;204270;10094;7930;6011;2212;4114;82185;4993;631;5352;197810;197809;7684;6438;6358;6314
Burkina Faso;Hauts Bassins;Houet;DS Dafra;2024;18627;534076;127358;19661;9559;18486;17005;19282;77322;503794;23283;18198;20355;10017;15285;86210;16199;1624;19448;323794;309494;15625;20209;19944;19833
Burkina Faso;Hauts Bassins;Houet;DS Dande;2024;9531;297674;102923;11195;5792;10864;10269;13174;39564;257785;11914;9311;13174;10657;10428;100982;11455;1117;11084;193912;193993;7995;11541;11385;11328
Burkina Faso;Sud Ouest;Ioba;DS Dano;2024;11549;409699;153865;11047;1633;11516;11240;12261;52451;302634;14436;11324;12697;6724;8999;138254;8838;885;11191;282199;282199;10914;11529;11354;11341
Burkina Faso;Boucle du Mouhoun;Mouhoun;DS Dedougou;2024;16259;472313;147525;15929;3883;18580;17633;18114;79614;441798;20324;15954;19050;8822;11472;101935;13695;1109;16057;264284;263377;16604;16398;16293;16229
Burkina Faso;Est;Tapoa;DS Diapaga;2024;34563;298385;117432;14504;6147;9530;8837;17339;149192;718762;43203;33957;22936;12662;11493;98408;9022;860;15031;213363;189515;31658;15803;15652;15681
Burkina Faso;Sud Ouest;Bougouriba;DS Diebougou;2024;6777;234558;75621;6700;2822;7678;7454;7599;30786;177606;8472;6645;7714;4165;4979;72268;5108;628;6725;182791;182634;6405;6969;6845;6823
Burkina Faso;Sahel;Soum;DS Djibo;2024;16780;93605;36770;2102;1440;3533;3325;3112;73035;392340;20975;16384;3135;1565;1507;32021;1925;137;2015;62602;63637;15375;2542;2111;2146
Burkina Faso;Hauts Bassins;Houet;DS Do;2024;28473;933882;257520;29373;12547;31413;28789;32384;118192;770103;35591;27817;35244;17310;24508;199819;29663;2311;29225;518937;493011;23885;32077;31506;31436
Burkina Faso;Sahel;Seno;DS Dori;2024;19930;275930;115655;8618;3902;13811;11034;15892;86748;466004;24913;19460;16651;5310;3307;114260;6381;645;8057;193588;193588;18262;8619;8618;8567
Burkina Faso;Est;Gourma;DS Fada;2024;24048;760295;307268;18517;8232;23029;21429;27210;103801;500085;30060;23627;28226;12214;14866;262990;19525;1313;17170;530178;529939;22026;20677;20212;20367
Burkina Faso;Sud Ouest;Poni;DS Gaoua;2024;10410;342500;126695;8489;2617;10441;9966;11943;47283;272820;13013;10208;12184;6227;7234;109923;7762;506;8798;244819;244428;9838;8987;8869;8901
Burkina Faso;Centre Est;Boulgou;DS Garango;2024;9820;373701;90406;8161;1703;8675;8705;8498;43093;234085;12275;9593;8480;3802;6597;72966;7924;611;7778;281654;278885;8993;8321;8249;8185
Burkina Faso;Est;Komandjari;DS Gayeri;2024;5733;113738;51370;4173;1431;2200;2220;5133;24747;119230;7166;5633;5722;3796;2889;48201;2567;227;3765;75143;74981;5251;4246;4219;4220
Burkina Faso;Sahel;Oudalan;DS Gorom-Gorom;2024;6977;240546;91083;4957;2825;11404;10032;13678;30362;163120;8721;6813;17172;7110;4833;82301;6148;798;5034;151963;150204;6392;5639;5629;5487
Burkina Faso;Nord;Zondoma;DS Gourcy;2024;12053;332010;111705;9650;3232;10819;10573;9962;51438;275083;15066;11860;10171;4037;6225;104327;8747;615;10026;244044;244132;10741;10345;10202;10196
Burkina Faso;Hauts Bassins;Tuy;DS Hounde;2024;13949;553564;210783;15585;7788;15531;14725;17470;57904;377285;17437;13628;17789;10649;12323;197665;14038;1132;15506;360996;360996;11701;16166;15875;15931
Burkina Faso;Sud Ouest;Poni;DS Kampti;2024;5100;227325;86068;4699;2176;5639;5506;7265;23161;133640;6375;5001;8233;4410;3478;51850;5005;400;4785;167876;167876;4819;5077;5025;4999
Burkina Faso;Hauts Bassins;Houet;DS Karangasso Vigue;2024;5221;162695;55837;6513;2363;7964;7723;8911;21670;141199;6526;5100;8750;4486;5974;55798;7266;614;6692;113835;113835;4379;6828;6711;6721
Burkina Faso;Centre Nord;Sanmatenga;DS Kaya;2024;24018;782332;297299;17885;7300;25168;23947;24793;106064;548646;30023;23697;24311;11648;15599;250149;19864;1354;18406;391560;391425;22312;18970;18732;18800
Burkina Faso;Centre Sud;Bazega;DS Kombissiri;2024;6516;288298;87311;6545;1544;7827;7581;6766;33844;202008;8145;6381;6868;1906;4582;83695;5925;659;6892;214373;214137;6947;7137;6991;6925
Burkina Faso;Centre Nord;Bam;DS Kongoussi;2024;24644;550286;191362;12894;4498;12094;10784;14449;108827;562928;30805;24314;14522;6055;9803;183054;11301;1033;12833;292822;292818;22893;13339;13040;13131
Burkina Faso;Centre Ouest;Boulkiemde;DS Koudougou;2024;16369;649631;178106;12126;6059;16126;15800;16509;82459;462687;20462;16033;16591;6419;11838;149568;14402;1066;12382;439132;425826;17014;12868;12797;12775
Burkina Faso;Centre Est;Kouritenga;DS Koupela;2024;12158;352163;106691;12779;3546;12500;11848;12583;53351;289816;15197;11877;12957;4949;8562;97706;10224;517;12499;264653;264611;11134;12999;12901;12810
Burkina Faso;Hauts Bassins;Houet;DS Lena;2024;3184;100914;39785;2150;1097;2568;2511;2708;13217;86118;3980;3110;2763;1776;2154;39966;2315;139;2219;64915;64915;2671;2251;2218;2230
Burkina Faso;Centre Ouest;Sissili;DS Leo;2024;13936;417958;139920;13441;4325;14120;14220;14908;70203;393919;17420;13649;15128;6682;10274;125416;13021;1156;12580;319426;319425;14483;13613;13468;13386
Burkina Faso;Centre Sud;Zoundweogo;DS Manga;2024;11284;525372;147906;11343;2784;12322;11682;10984;58602;349793;14104;11049;11032;4119;7759;103392;9824;913;10399;306921;306868;12028;11952;11776;11700
Burkina Faso;Cascades;Comoe;DS Mangodara;2024;12247;281978;119110;9096;2757;11237;11032;12448;53474;294201;15308;11908;13058;6196;7371;119809;9125;678;9283;195822;195526;11173;9616;9625;9501
Burkina Faso;Est;Gnagna;DS Manni;2024;14553;111366;45463;7748;4270;7494;6859;10800;62824;302665;18192;14299;11043;7125;7239;42948;3677;331;7611;52352;47734;13331;8037;7912;7887
Burkina Faso;Hauts Bassins;Kenedougou;DS N'Dorola;2024;6380;176888;72013;4870;2059;5891;5781;6523;26484;172565;7975;6233;6412;3760;4671;72316;5485;402;5110;103283;103283;5352;5185;5125;5136
Burkina Faso;Centre Ouest;Boulkiemde;DS Nanoro;2024;6855;244807;94478;5473;3190;6567;6384;5520;34535;193777;8569;6714;5520;1859;3845;86449;4811;646;5175;202222;202231;7125;5600;5518;5530
Burkina Faso;Centre;Kadiogo;DS Nongr-Massom;2024;13815;549514;175703;12976;5839;15964;15143;19871;54160;373623;17269;13430;19604;7876;12981;18048;16264;1609;13763;284144;265862;12172;14546;14432;14414
Burkina Faso;Boucle du Mouhoun;Kossi;DS Nouna;2024;14759;275418;101700;10249;4122;11786;10311;12958;72268;401036;18449;14483;13299;6235;5938;85184;7720;586;8128;192935;192622;15073;10531;10064;10357
Burkina Faso;Hauts Bassins;Kenedougou;DS Orodara;2024;10479;363878;120002;11875;4764;11822;11145;13587;43498;283424;13099;10238;13502;6809;9647;114684;11881;751;11765;200183;200176;8790;12200;12033;11973
Burkina Faso;Nord;Yatenga;DS Ouahigouya;2024;19411;600994;154811;18647;3941;23189;22462;22138;82843;443022;24264;19101;22195;8075;10877;125531;17281;1411;18353;452714;452464;17299;19318;19201;19189
Burkina Faso;Centre Est;Koulpelogo;DS Ouargaye;2024;17353;371449;121160;8307;1524;10414;10207;11211;76145;413644;21691;16951;11166;4762;6520;102111;7521;575;8007;297986;296219;15891;8560;8406;8447
Burkina Faso;Est;Kompienga;DS Pama;2024;6563;56073;25601;655;514;968;1021;932;28332;136497;8204;6448;1029;594;610;23228;654;50;665;40464;40464;6012;719;672;707
Burkina Faso;Centre Sud;Nahouri;DS Po;2024;7059;275770;91327;7165;2693;7841;7678;7685;36663;218839;8824;6913;7735;3066;5228;84556;6555;684;7131;182576;182576;7525;7562;7454;7389
Burkina Faso;Centre Est;Kouritenga;DS Pouytenga;2024;10961;378582;114766;14588;3511;14819;14032;14747;48099;261277;13701;10707;15190;6776;10194;98912;12750;996;14875;254959;252483;10038;15407;15108;15099
Burkina Faso;Centre Ouest;Sanguie;DS Reo;2024;7934;233821;89953;7203;1482;8462;8120;7895;39971;224285;9918;7771;7921;2808;4609;70931;5827;625;7225;186325;186295;8246;7534;7402;7412
Burkina Faso;Centre Ouest;Boulkiemde;DS Sabou;2024;4468;181325;63014;4573;2748;4840;4844;4280;22506;126295;5585;4376;4507;2251;3425;60313;3542;493;4476;130982;130982;4643;4706;4656;4593
Burkina Faso;Centre Sud;Bazega;DS Sapone;2024;3511;131871;44571;3025;1270;3618;3517;3379;18231;108821;4388;3438;2993;1039;1913;43727;2527;289;2943;85177;85177;3742;3216;3175;3152
Burkina Faso;Centre Ouest;Ziro;DS Sapouy;2024;9717;265597;93684;9574;2776;11296;10745;10725;48947;274653;12146;9517;10613;4883;7495;87171;9687;729;9434;197267;196289;10098;9742;9660;9609
Burkina Faso;Sahel;Yagha;DS Sebba;2024;7949;106424;39409;3241;1409;4949;4749;959;34601;185869;9936;7762;7471;2809;1673;27016;1142;273;3205;63601;61165;7284;3327;3319;3273
Burkina Faso;Centre;Kadiogo;DS Sig-Noghin;2024;25221;710559;250532;13178;7126;21417;21026;24925;98875;682097;31526;24518;25440;10147;16757;75491;26248;1294;14736;436541;421654;22223;15393;15201;15168
Burkina Faso;Cascades;Leraba;DS Sindou;2024;8562;225718;65656;10623;2489;9929;9339;11544;37388;205695;10703;8325;11755;4850;7624;63634;9583;758;10265;148240;148220;7813;11056;10876;10793
Burkina Faso;Boucle du Mouhoun;Banwa;DS Solenzo;2024;14353;221856;69099;11438;2764;13528;12733;11835;70280;390016;17942;14084;13311;5931;5875;59744;8803;749;11116;147392;146720;14658;11656;11535;11496
Burkina Faso;Nord;Yatenga;DS Seguenega;2024;12730;335781;109557;13639;5239;14280;13752;14541;54327;290533;15913;12526;14502;7655;9595;104579;11847;999;13626;262495;262495;11344;14021;13847;13842
Burkina Faso;Centre Ouest;Sanguie;DS Tenado;2024;7695;256748;83401;7050;2899;8096;7844;8383;38760;217487;9618;7536;8491;2828;5166;78338;6285;605;7100;194489;194489;7997;7230;7128;7155
Burkina Faso;Centre Est;Boulgou;DS Tenkodogo;2024;10497;484317;139096;10188;4812;11153;11190;12590;46065;250233;13122;10255;13072;6917;10261;118311;11200;987;10123;318124;317304;9613;10478;10391;10391
Burkina Faso;Nord;Yatenga;DS Thiou;2024;9593;11247;3906;560;83;3572;3497;830;40938;218928;11991;9439;1037;409;193;3280;355;49;639;8248;8248;8548;654;653;642
Burkina Faso;Nord;Loroum;DS Titao;2024;9887;105215;30543;1970;876;2246;2165;2353;42195;225658;12359;9729;2336;835;1768;29488;2412;248;1931;59491;56016;8811;1987;1977;1944
Burkina Faso;Boucle du Mouhoun;Nayala;DS Toma;2024;9324;158065;49377;5636;2887;7593;7627;6756;45657;253363;11655;9149;6835;2913;4569;39819;4745;446;6174;104348;103345;9523;6332;6234;6221
Burkina Faso;Boucle du Mouhoun;Sourou;DS Tougan;2024;11795;225532;65081;7603;3418;10144;9745;6645;57758;320513;14744;11574;10288;3695;4793;43618;4797;447;6389;133948;127830;12046;7921;7859;7831
Burkina Faso;Centre Nord;Namentenga;DS Tougouri;2024;14470;179027;86144;4000;2083;7983;6460;11823;63896;330534;18087;14276;11889;3127;3165;47970;4208;190;4500;98151;98115;13441;4856;4735;4705
Burkina Faso;Nord;Passore;DS Yako;2024;22928;545063;159237;18330;11422;22211;21977;19717;97851;523288;28660;22561;19753;11710;13687;141400;18205;1226;18236;425650;425631;20432;18722;18537;18503
Burkina Faso;Centre Est;Boulgou;DS Zabre;2024;8222;282786;84678;7794;1979;8077;8273;8235;36077;195981;10277;8032;8429;4577;6901;80039;7533;580;7786;187470;186186;7529;8377;8222;8185
Burkina Faso;Plateau Central;Oubritenga;DS Ziniare;2024;14029;564571;176762;13960;3488;15658;15005;15305;64154;354878;17536;13778;15595;5744;10409;153655;11881;1176;13549;407602;406307;13349;14834;14695;14604
Burkina Faso;Plateau Central;Ganzourgou;DS Zorgho;2024;22045;987860;321162;25678;9325;26386;25085;25219;100811;557651;27556;21649;26517;10494;18948;312686;21984;2045;25808;692447;690700;20974;26292;25889;25919
Burkina Faso;Cascades;Comoe;DS Banfora;2023;17714;505008;173122;15071;7228;19356;17800;20945;78864;427420;22142;17223;20831;9097;14313;161939;16564;1341;15156;304800;295333;16511;15707;15544;15502
Burkina Faso;Centre Nord;Sanmatenga;DS Barsalogho;2023;9399;71999;26612;1742;606;2461;2363;2729;42322;215776;11749;9273;2857;1070;1009;12339;1260;195;1724;38933;38933;8920;1756;1743;1738
Burkina Faso;Centre;Kadiogo;DS Baskuy;2023;6762;274406;62600;4078;4574;6954;7394;8130;27004;183487;8453;6574;8139;3745;6990;5555;5908;343;4002;170988;165423;6080;4298;4217;4262
Burkina Faso;Sud Ouest;Noumbiel;DS Batie;2023;4167;212366;91788;5764;3053;5906;5579;6404;19307;109720;5209;4086;7616;3989;3965;82654;4287;522;5611;149394;149391;4025;5945;5853;5841
Burkina Faso;Centre Est;Boulgou;DS Bittou;2023;6348;167504;57737;5045;1882;5840;5936;5176;28407;152065;7935;6201;5164;1759;3160;43597;3947;462;4926;114993;113960;5939;5198;5104;5051
Burkina Faso;Est;Gnagna;DS Bogande;2023;22751;438299;167663;19930;10254;20520;20107;21332;100141;475536;28438;22352;26089;13015;15614;156804;15422;1072;19780;231614;219091;21291;20439;20224;20179
Burkina Faso;Centre;Kadiogo;DS Bogodogo;2023;39902;1328332;409072;24312;9779;35732;36264;39773;159389;1082874;49878;38790;40905;14812;21523;22815;27035;2489;26373;723534;697196;35889;26888;26426;26697
Burkina Faso;Boucle du Mouhoun;Bale;DS Boromo;2023;12061;359469;94027;15193;4170;15100;13995;16588;60253;329341;15077;11835;16504;7496;10883;80104;11833;1328;15232;248246;240900;12590;15830;15460;15479
Burkina Faso;Centre;Kadiogo;DS Boulmiougou;2023;43663;1332272;416050;31077;8887;39649;39336;41093;174410;1184917;54578;42446;36682;13357;22999;171889;29837;3223;31346;823397;778893;39272;32609;32322;32064
Burkina Faso;Centre Nord;Namentenga;DS Boulsa;2023;11261;194967;81182;7567;1422;7888;7703;7852;50703;258499;14076;11110;7866;2863;4772;75654;5658;535;7493;123065;122977;10686;7651;7596;7545
Burkina Faso;Centre Nord;Sanmatenga;DS Boussouma;2023;10509;291482;117437;9867;7954;12127;11580;11290;47315;241224;13136;10368;11249;6243;9646;114585;11395;587;9926;180274;180274;9973;9981;9916;9951
Burkina Faso;Plateau Central;Kourweogo;DS Bousse;2023;7820;250094;85158;5943;2211;7159;7158;5851;36484;198886;9775;7679;5819;2057;4306;81380;5045;567;5998;194077;193795;7606;6272;6179;6172
Burkina Faso;Hauts Bassins;Houet;DS Dafra;2023;17975;553642;135318;18385;9330;17279;16008;18454;76089;488108;22469;17561;18605;9705;15312;96489;15933;1329;18258;357752;328936;15404;18770;18576;18413
Burkina Faso;Hauts Bassins;Houet;DS Dande;2023;9264;310112;116168;11554;5259;11503;10525;13533;39212;251546;11580;9050;13533;7879;9072;113644;9753;1057;11379;206355;206355;7939;11814;11711;11568
Burkina Faso;Sud Ouest;Ioba;DS Dano;2023;11170;429692;182070;11248;1789;12148;11784;11422;51757;294132;13963;10953;12185;6227;9284;136503;8931;1119;11473;270257;270057;10789;11774;11556;11599
Burkina Faso;Boucle du Mouhoun;Mouhoun;DS Dedougou;2023;15750;440240;152429;16043;3047;19398;17984;16493;78678;430062;19688;15455;19581;8365;12701;124889;11550;1256;16351;251820;248397;16441;16686;16570;16486
Burkina Faso;Est;Tapoa;DS Diapaga;2023;33163;304298;123124;16599;6869;11413;10657;14542;145972;693183;41453;32582;24723;13367;12832;100496;7064;877;16609;208349;118589;31032;16890;16791;16686
Burkina Faso;Sud Ouest;Bougouriba;DS Diebougou;2023;6536;236088;88170;6407;2298;7392;7408;6863;30286;172117;8170;6409;7011;3258;4609;84292;5440;735;6439;170774;170774;6314;6541;6467;6444
Burkina Faso;Sahel;Soum;DS Djibo;2023;16399;96266;37109;1892;800;4113;4218;2541;72775;385143;20498;16012;2836;1333;985;27999;985;105;1942;68630;68161;15349;2053;2008;2007
Burkina Faso;Hauts Bassins;Houet;DS Do;2023;27376;966835;289868;30323;12791;30678;27607;30773;115879;743363;34220;26745;32587;15804;22472;242377;20564;2721;27926;587359;557383;23462;31418;30812;30805
Burkina Faso;Sahel;Seno;DS Dori;2023;19245;256782;103409;7611;1988;14630;11435;16401;85402;451972;24056;18791;18268;5729;3729;102180;7134;652;7851;178685;177484;18012;7939;7927;7892
Burkina Faso;Est;Gourma;DS Fada;2023;23232;731725;309255;18716;7224;24837;21866;22101;102259;485599;29040;22825;30202;13347;17554;256503;20188;1529;19321;524130;523251;21739;20256;19918;20058
Burkina Faso;Sud Ouest;Poni;DS Gaoua;2023;10087;347101;151404;8808;3408;10611;10213;10964;46740;265625;12609;9891;11225;5707;7699;131794;8029;682;8824;257163;256975;9744;8947;8864;8852
Burkina Faso;Centre Est;Boulgou;DS Garango;2023;9515;366937;98915;8605;1718;8873;8692;9267;42583;227950;11894;9295;9337;4305;6887;77670;8220;726;8617;284050;279654;8903;8848;8733;8709
Burkina Faso;Est;Komandjari;DS Gayeri;2023;5551;118111;58515;4428;1702;2903;2870;5850;24437;116051;6939;5454;7502;4965;3752;55576;2910;287;4525;78664;78478;5195;4561;4551;4528
Burkina Faso;Sahel;Oudalan;DS Gorom-Gorom;2023;6875;202935;76991;5225;2231;11044;10532;15567;30511;161477;8594;6713;18021;7669;4517;71650;7814;774;5097;136922;126704;6435;5353;5343;5181
Burkina Faso;Nord;Zondoma;DS Gourcy;2023;11640;268739;97555;9728;2470;12366;11444;9862;50665;267001;14551;11454;9886;3778;6616;82121;7836;782;9740;193653;193450;10600;9898;9854;9787
Burkina Faso;Hauts Bassins;Tuy;DS Hounde;2023;13487;492754;199148;14204;6394;15645;14576;16547;57085;366214;16858;13176;17122;9896;11944;186939;11753;1282;15428;336123;331155;11557;15861;15631;15591
Burkina Faso;Sud Ouest;Poni;DS Kampti;2023;4913;204438;86602;4323;2241;4940;4634;5617;22764;129359;6141;4817;7045;3879;3440;7563;5139;440;4249;148183;147831;4745;4427;4350;4373
Burkina Faso;Hauts Bassins;Houet;DS Karangasso Vigue;2023;5010;180579;67926;6945;2656;7916;7412;8660;21209;136051;6263;4895;8778;4421;6958;67926;7142;743;6889;130979;130857;4294;7042;6957;6903
Burkina Faso;Centre Nord;Sanmatenga;DS Kaya;2023;23119;797357;298306;20079;11629;25729;24641;27484;104093;530698;28899;22810;26932;14067;17328;240233;21138;1305;20259;397803;397481;21939;20426;20239;20317
Burkina Faso;Centre Sud;Bazega;DS Kombissiri;2023;6329;288692;86092;7046;1546;7746;7306;6674;33549;197277;7911;6197;6808;1760;4621;81093;5486;756;7041;214725;213738;6899;7244;7182;7105
Burkina Faso;Centre Nord;Bam;DS Kongoussi;2023;23665;472390;170028;13619;4448;13743;12234;14068;106552;543238;29581;23348;14068;6325;9626;159434;10970;1286;13474;228876;227888;22457;14038;13931;13778
Burkina Faso;Centre Ouest;Boulkiemde;DS Koudougou;2023;15822;578928;175596;12601;6215;16419;16374;15772;81343;449640;19778;15497;16395;6705;12786;151935;15342;1206;12609;393827;381074;16813;12823;12585;12660
Burkina Faso;Centre Est;Kouritenga;DS Koupela;2023;11746;358651;111359;12370;3628;11839;11302;11991;52563;281371;14682;11474;12405;4696;8545;104347;11092;636;12242;243922;243682;10990;12575;12443;12384
Burkina Faso;Hauts Bassins;Houet;DS Lena;2023;3066;106177;42590;2541;1096;2725;2677;2808;12977;83250;3833;2996;2807;1956;2293;42555;2515;164;2537;74824;74824;2628;2586;2557;2546
Burkina Faso;Centre Ouest;Sissili;DS Leo;2023;13406;413892;149056;13382;4023;13991;13693;14834;68921;380973;16757;13130;14924;6191;10132;140308;12933;1284;13068;312380;312337;14247;13496;13386;13224
Burkina Faso;Centre Sud;Zoundweogo;DS Manga;2023;10936;500220;153957;11046;2367;12508;11982;11535;57971;340912;13670;10709;11607;4066;8393;71282;10443;1155;11671;327093;326994;11921;12174;12020;11899
Burkina Faso;Cascades;Comoe;DS Mangodara;2023;11782;208307;92266;7831;1661;8910;8284;6367;52452;284271;14727;11455;10740;3968;5667;92263;5050;802;7978;135643;128413;10981;8185;8106;8035
Burkina Faso;Est;Gnagna;DS Manni;2023;13939;220151;91022;12224;6472;12559;11310;8188;61359;291367;17424;13695;17000;10725;13605;90252;7372;640;12159;129575;125857;13044;12479;12345;12282
Burkina Faso;Hauts Bassins;Kenedougou;DS N'Dorola;2023;6170;179850;73917;5242;2398;5922;5660;6440;26119;167555;7713;6028;6503;3777;5212;73917;5436;540;5285;122025;121922;5288;5397;5337;5330
Burkina Faso;Centre Ouest;Boulkiemde;DS Nanoro;2023;6638;224612;91783;5447;3262;7007;6621;5638;34124;188629;8297;6501;5624;1954;3770;85712;4838;594;5394;185720;185587;7054;5627;5532;5545
Burkina Faso;Centre;Kadiogo;DS Nongr-Massom;2023;13360;545914;183497;11740;4963;15544;14825;17358;53370;362583;16700;12988;19508;8943;13126;7403;14942;1300;13482;305326;294641;12018;13947;13944;13711
Burkina Faso;Boucle du Mouhoun;Kossi;DS Nouna;2023;14310;296711;117162;12548;6104;12458;11638;15404;71481;390718;17887;14041;15935;7617;8620;109936;8823;969;12543;199255;198257;14937;13036;12935;12853
Burkina Faso;Hauts Bassins;Kenedougou;DS Orodara;2023;10145;349931;123806;11274;3720;11158;10752;12800;42941;275467;12681;9911;12781;6026;9321;121225;11263;752;11195;212160;212156;8694;11621;11482;11363
Burkina Faso;Nord;Yatenga;DS Ouahigouya;2023;18722;557958;155557;19429;3079;23152;20033;22880;81490;429446;23403;18423;23930;8177;11753;103604;16369;1790;19122;443048;441007;17050;19666;19557;19522
Burkina Faso;Centre Est;Koulpelogo;DS Ouargaye;2023;16775;362857;133133;10273;3183;12078;11450;9978;75070;401845;20969;16387;12254;4954;7711;126223;6733;880;10240;284914;271276;15695;10724;10517;10580
Burkina Faso;Est;Kompienga;DS Pama;2023;6324;56353;24470;1546;604;2226;1880;1792;27837;132196;7905;6213;1962;810;893;20959;695;92;1513;38370;37973;5918;1620;1567;1596
Burkina Faso;Centre Sud;Nahouri;DS Po;2023;6846;280264;98290;7319;2997;7937;7824;7974;36286;213402;8558;6704;7979;3343;5929;84413;7068;765;7471;203308;203028;7462;7826;7712;7639
Burkina Faso;Centre Est;Kouritenga;DS Pouytenga;2023;10577;395373;115564;13716;2866;13942;12986;14340;47331;253360;13221;10332;14372;6520;9168;105582;10881;929;13627;245593;243515;9895;14146;13896;13882
Burkina Faso;Centre Ouest;Sanguie;DS Reo;2023;7689;207743;87713;6923;1923;8073;7672;7565;39531;218514;9611;7531;7570;2869;4787;68493;5652;650;6867;161204;160646;8172;7119;7015;6996
Burkina Faso;Centre Ouest;Boulkiemde;DS Sabou;2023;4324;159361;61651;4252;2466;4885;4976;4433;22231;122880;5405;4235;4433;2185;3482;59080;4327;482;4183;120422;120157;4596;4356;4293;4268
Burkina Faso;Centre Sud;Bazega;DS Sapone;2023;3413;133737;47607;2922;1217;3501;3461;2937;18090;106382;4266;3342;2976;1018;1799;45636;2362;323;2900;89059;89058;3720;3046;2967;2990
Burkina Faso;Centre Ouest;Ziro;DS Sapouy;2023;9396;280596;109603;9583;2724;11115;10483;10043;48307;267015;11745;9203;10172;4558;7482;102691;9443;984;9437;211279;210791;9986;9692;9606;9535
Burkina Faso;Sahel;Yagha;DS Sebba;2023;7763;139288;52592;4046;1473;4045;3452;3004;34452;182324;9704;7580;12991;3238;2328;42013;3290;455;4273;77002;70110;7266;4368;4252;4315
Burkina Faso;Centre;Kadiogo;DS Sig-Noghin;2023;24023;753283;285917;13772;6151;21158;20664;27373;95962;651950;30029;23354;27441;12221;17911;18576;22433;1054;14949;468742;463807;21608;15272;15046;15099
Burkina Faso;Cascades;Leraba;DS Sindou;2023;8274;208400;67873;9047;1895;8478;8252;10702;36837;199640;10343;8045;10771;4593;7254;67676;8328;924;8611;148493;148448;7712;9490;9341;9221
Burkina Faso;Boucle du Mouhoun;Banwa;DS Solenzo;2023;13914;244658;78518;11389;2751;14390;12344;11781;69506;379924;17392;13653;15672;6546;6973;67453;9803;775;11595;159318;158122;14524;11923;11788;11742
Burkina Faso;Nord;Yatenga;DS Seguenega;2023;12269;252537;84296;12615;4273;13661;13292;13556;53401;281419;15336;12073;13754;5335;8847;70215;9925;993;12682;200537;200390;11173;12995;12864;12810
Burkina Faso;Centre Ouest;Sanguie;DS Tenado;2023;7444;215313;75343;6918;4151;8201;8130;8304;38271;211543;9305;7291;8336;3354;5809;72701;7092;676;6892;155979;155966;7911;7116;7006;7034
Burkina Faso;Centre Est;Boulgou;DS Tenkodogo;2023;10180;489695;150665;10766;4322;11917;11362;12235;45557;243865;12725;9945;13240;6392;9740;135335;11380;941;10677;352053;343827;9525;10936;10852;10828
Burkina Faso;Nord;Yatenga;DS Thiou;2023;9268;52572;20135;2134;777;2460;2492;1448;40339;212580;11585;9119;2283;931;716;16065;598;183;2379;29807;29807;8440;2417;2409;2385
Burkina Faso;Nord;Loroum;DS Titao;2023;9560;93977;30533;2061;712;2336;2130;2720;41615;219295;11950;9407;2835;1238;1797;30489;2427;227;2027;48345;42593;8706;2169;2063;2038
Burkina Faso;Boucle du Mouhoun;Nayala;DS Toma;2023;9022;141514;50734;6548;2736;7849;7477;7225;45070;246347;11277;8853;7373;3112;4143;40058;4812;411;6684;93404;90995;9418;6879;6794;6790
Burkina Faso;Boucle du Mouhoun;Sourou;DS Tougan;2023;11433;184468;57174;7208;3229;8943;8573;5709;57116;312190;14292;11219;9838;3653;5026;40756;4543;520;7328;96963;87591;11935;7470;7417;7379
Burkina Faso;Centre Nord;Namentenga;DS Tougouri;2023;13917;157566;76086;4682;2205;7686;5363;9211;62661;319470;17397;13731;10769;3533;3003;49243;4576;132;4695;76210;65348;13207;4759;4740;4730
Burkina Faso;Nord;Passore;DS Yako;2023;22155;486814;146122;17039;9327;21891;21871;18725;96432;508190;27694;21800;18704;10726;13509;131386;16542;1278;17088;355781;355423;20176;17429;17261;17239
Burkina Faso;Centre Est;Boulgou;DS Zabre;2023;7932;274891;90820;8422;2704;8710;8428;8335;35496;190005;9915;7748;8733;4809;8339;85624;7462;772;8717;184533;181520;7421;9109;8938;8943
Burkina Faso;Plateau Central;Oubritenga;DS Ziniare;2023;13583;519738;170535;13219;4070;15349;14461;14706;63375;345471;16979;13340;14735;5974;10252;149912;11064;1239;13377;370684;369304;13212;13887;13773;13692
Burkina Faso;Plateau Central;Ganzourgou;DS Zorgho;2023;21250;893626;310871;23784;7641;24729;23912;23088;99150;540485;26563;20869;24258;8747;17807;303653;20159;2053;24305;616418;609949;20668;24796;24359;24436
Burkina Faso;Cascades;Comoe;DS Banfora;2022;17101;545847;188130;15429;6147;18475;17613;21330;77450;414271;21376;16627;21198;9193;14821;175485;14314;1484;15250;358033;345250;16258;15816;15689;15542
Burkina Faso;Centre Nord;Sanmatenga;DS Barsalogho;2022;9101;114351;46528;2335;515;3714;3384;2727;41691;209877;11376;8979;2994;1396;1970;15234;2052;222;2439;72045;71963;8810;2476;2397;2446
Burkina Faso;Centre;Kadiogo;DS Baskuy;2022;6723;225862;57037;4395;2571;6658;6857;9976;27306;183055;8403;6535;7896;3166;6235;6291;5899;263;4362;103596;112688;6165;4528;4410;4468
Burkina Faso;Sud Ouest;Noumbiel;DS Batie;2022;4027;203552;91704;5112;2897;5016;5079;6096;18992;106528;5034;3949;6840;3831;3813;82286;4637;393;4991;156650;156161;3970;5449;5381;5358
Burkina Faso;Centre Est;Boulgou;DS Bittou;2022;6133;207617;70222;5899;2455;6341;6260;6931;27926;147594;7666;5991;7004;2238;4318;59151;5575;739;5738;152419;150655;5854;6008;5936;5893
Burkina Faso;Est;Gnagna;DS Bogande;2022;21932;450936;187604;18571;7603;16000;15178;20262;98194;460485;27415;21548;22637;11887;15133;175260;11006;1303;19214;232310;189304;20931;19601;19432;19321
Burkina Faso;Centre;Kadiogo;DS Bogodogo;2022;38314;1084858;352749;21838;8570;31554;31972;30641;155598;1043132;47892;37246;39044;13281;19728;11481;22273;2534;24182;512308;575003;35128;25203;24679;24994
Burkina Faso;Boucle du Mouhoun;Bale;DS Boromo;2022;11663;351244;92992;14034;4024;14198;13227;15578;59307;319902;14579;11445;16031;6965;10238;84319;11618;1443;14027;214720;199007;12427;14756;14531;14479
Burkina Faso;Centre;Kadiogo;DS Boulmiougou;2022;41885;1177113;402882;29733;8140;35566;35388;31144;170103;1140368;52357;40718;35513;12214;20817;152692;27510;3235;29729;581149;639919;38401;32224;31958;31609
Burkina Faso;Centre Nord;Namentenga;DS Boulsa;2022;10872;236917;99088;9635;2566;9602;9050;10661;49797;250695;13589;10726;10700;4252;7874;96335;9362;613;9829;153885;153608;10524;10067;10016;9924
Burkina Faso;Centre Nord;Sanmatenga;DS Boussouma;2022;10173;281568;110308;8960;7558;10538;10136;10548;46597;234591;12717;10037;10563;5715;8714;107703;10530;570;8971;182732;182827;9848;9067;8983;9003
Burkina Faso;Plateau Central;Kourweogo;DS Bousse;2022;7572;229616;80540;5904;2389;7412;7462;5907;35969;193593;9464;7436;5902;2293;4135;78612;4921;484;5830;176643;176740;7519;6029;5919;5930
Burkina Faso;Hauts Bassins;Houet;DS Dafra;2022;17344;458899;130132;15221;7392;15570;14208;13177;74690;472686;21680;16944;16445;8167;13259;99700;11596;1404;15058;276151;252718;15163;15455;15308;15171
Burkina Faso;Hauts Bassins;Houet;DS Dande;2022;9005;332904;128282;11845;4846;12670;12242;13477;38778;245413;11256;8797;13477;7470;8102;126351;9350;1014;11621;229279;229273;7873;12088;11981;11822
Burkina Faso;Sud Ouest;Ioba;DS Dano;2022;10804;430536;188796;11475;2011;11256;10639;12280;50953;285775;13505;10594;12204;6867;8630;132846;8018;1316;11401;310742;312623;10651;11843;11648;11633
Burkina Faso;Boucle du Mouhoun;Mouhoun;DS Dedougou;2022;15259;440705;137980;15251;3686;17786;17025;15521;77587;418524;19074;14973;18923;9039;12467;122586;13420;1248;15272;263488;262449;16257;15610;15271;15428
Burkina Faso;Est;Tapoa;DS Diapaga;2022;31819;514143;215607;23775;10918;23293;19500;27710;142463;668080;39773;31261;33298;16846;19671;184401;13755;1624;24171;381270;372199;30368;24676;24307;24292
Burkina Faso;Sud Ouest;Bougouriba;DS Diebougou;2022;6304;253250;98725;6299;2325;7248;7033;6840;29725;166721;7880;6181;6801;3342;4589;90184;4879;753;6269;170865;170865;6214;6433;6368;6313
Burkina Faso;Sahel;Soum;DS Djibo;2022;16035;146266;67461;4160;1499;5707;5477;5827;72377;378083;20044;15657;7836;3338;1781;48761;3192;382;5216;103394;113769;15306;6098;5080;5947
Burkina Faso;Hauts Bassins;Houet;DS Do;2022;26312;758785;258403;25703;11388;27700;25487;22388;113311;717104;32890;25706;29581;14272;18674;217899;22276;2527;22685;450363;423249;23005;26763;26310;26154
Burkina Faso;Sahel;Seno;DS Dori;2022;18584;297347;124556;10594;2172;14057;10174;17048;83876;438158;23230;18146;21108;6423;3986;110763;9949;1239;9715;208882;211084;17737;9903;9749;9830
Burkina Faso;Est;Gourma;DS Fada;2022;22449;676308;291328;17101;6898;23807;21643;24104;100513;471357;28061;22056;26954;12311;15507;259577;18345;1649;17581;459653;455309;21426;18001;17736;17832
Burkina Faso;Sud Ouest;Poni;DS Gaoua;2022;9775;364039;159118;8920;4193;10897;10314;12293;46098;258550;12219;9585;12245;6520;7806;115503;8462;692;8927;284009;284181;9637;9067;8979;8969
Burkina Faso;Centre Est;Boulgou;DS Garango;2022;9222;364871;96455;8198;1654;8347;7831;8721;41990;221918;11528;9009;8794;4380;6315;80242;7439;719;8122;282895;275133;8802;8360;8259;8226
Burkina Faso;Est;Komandjari;DS Gayeri;2022;5378;163393;84647;6631;3126;6686;5941;8045;24082;112924;6723;5284;10295;7403;7302;83241;4418;611;6727;109809;109770;5133;6856;6774;6781
Burkina Faso;Sahel;Oudalan;DS Gorom-Gorom;2022;6782;246575;91762;5188;1459;11343;8982;14775;30609;159906;8478;6622;15639;6057;2705;87358;6950;672;5159;162931;162840;6473;5478;5427;5319
Burkina Faso;Nord;Zondoma;DS Gourcy;2022;11241;294966;99102;9350;2377;12313;11709;9584;49790;259056;14052;11061;9809;4022;6440;89402;7677;803;9482;206780;207738;10446;9652;9521;9539
Burkina Faso;Hauts Bassins;Tuy;DS Hounde;2022;13037;503910;201357;13803;4624;15611;14721;12908;56146;355331;16297;12737;16915;9733;11642;193016;9779;1456;14594;352576;352485;11399;15580;15274;15292
Burkina Faso;Sud Ouest;Poni;DS Kampti;2022;4731;181013;73952;3802;1565;4595;4240;5973;22315;125153;5914;4639;6428;2880;2806;3613;3562;588;3825;128773;128771;4665;4016;3895;3962
Burkina Faso;Hauts Bassins;Houet;DS Karangasso Vigue;2022;4806;181300;76533;6220;2334;7250;6716;6690;20699;130999;6008;4696;7896;3801;5942;76533;3776;672;6134;131942;131729;4203;6314;6252;6187
Burkina Faso;Centre Nord;Sanmatenga;DS Kaya;2022;22249;738983;285617;20004;11427;24524;23139;25439;101914;513065;27812;21951;25204;12289;15557;245155;20602;1510;20487;391415;391273;21539;20803;20519;20687
Burkina Faso;Centre Sud;Bazega;DS Kombissiri;2022;6146;302221;93805;6198;1915;6876;6995;6565;33177;192629;7682;6018;6626;1930;4472;87748;5497;574;6103;222806;222616;6841;6549;6494;6402
Burkina Faso;Centre Nord;Bam;DS Kongoussi;2022;22719;517937;187909;16783;6432;17174;15571;18907;104069;523912;28399;22415;18348;7740;11580;182248;13042;1595;17242;280008;280379;21994;17767;17401;17505
Burkina Faso;Centre Ouest;Boulkiemde;DS Koudougou;2022;15292;529707;174001;11758;5876;16281;15963;14340;80067;436813;19115;14977;15503;6363;11714;158785;13727;1152;12015;374513;367298;16597;12506;12212;12247
Burkina Faso;Centre Est;Kouritenga;DS Koupela;2022;11348;347711;109372;11187;3349;10937;10554;11328;51671;273071;14184;11085;11511;4049;7785;103615;9423;811;10996;242680;242266;10832;11441;11288;11261
Burkina Faso;Hauts Bassins;Houet;DS Lena;2022;2951;103247;41572;2585;862;2844;2719;3166;12710;80433;3689;2883;3156;2125;2446;41558;2353;236;2574;75590;75587;2581;2622;2596;2578
Burkina Faso;Centre Ouest;Sissili;DS Leo;2022;12892;417920;155913;12850;4458;13587;13256;15152;67498;368255;16115;12626;14709;5983;9812;150964;14271;1349;12520;327293;327759;13991;13136;12991;12882
Burkina Faso;Centre Sud;Zoundweogo;DS Manga;2022;10599;485887;150291;10773;2002;11497;11064;11927;57219;332183;13248;10379;11262;3859;7427;59490;9842;1237;10690;328921;329667;11799;11221;11049;10998
Burkina Faso;Cascades;Comoe;DS Mangodara;2022;11332;351872;158221;12009;3514;12720;11504;13660;51323;274521;14165;11018;15456;5711;8599;158182;10588;1126;12000;237920;228275;10774;12380;12274;12159
Burkina Faso;Est;Gnagna;DS Manni;2022;13349;218192;96167;10664;5885;11837;11314;12877;59768;280287;16686;13115;14163;10155;14181;95103;8431;687;10634;129216;127597;12741;10855;10775;10709
Burkina Faso;Hauts Bassins;Kenedougou;DS N'Dorola;2022;5967;175180;69021;5039;2395;5902;5782;6600;25697;162629;7459;5830;6498;3835;5190;68820;5252;539;5068;136424;136214;5217;5167;5132;5091
Burkina Faso;Centre Ouest;Boulkiemde;DS Nanoro;2022;6426;221561;93061;5101;2687;7040;6863;5613;33644;183566;8033;6294;5360;1880;3620;86417;4601;645;5135;183144;183818;6974;5326;5218;5245
Burkina Faso;Centre;Kadiogo;DS Nongr-Massom;2022;12918;455489;156617;11261;4090;12267;11994;15715;52461;351703;16148;12558;16470;7296;9890;4172;12950;1388;12187;230426;230454;11843;12493;12425;12353
Burkina Faso;Boucle du Mouhoun;Kossi;DS Nouna;2022;13875;359715;136380;14240;6720;15715;15067;17537;70552;380577;17344;13615;17496;8871;10690;131846;12412;1300;14561;239538;237720;14783;14996;14855;14764
Burkina Faso;Hauts Bassins;Kenedougou;DS Orodara;2022;9820;339413;115406;10784;3830;10910;10454;12100;42291;267645;12275;9594;12391;5611;8062;112917;9161;831;10853;202846;205721;8586;11245;11064;11019
Burkina Faso;Nord;Yatenga;DS Ouahigouya;2022;18057;627307;178964;17574;4385;20471;18983;19660;79977;416104;22571;17768;21930;8870;12424;143609;17460;1544;17267;447118;442937;16780;17958;17874;17800
Burkina Faso;Centre Est;Koulpelogo;DS Ouargaye;2022;16217;453066;175401;13219;4453;14973;14521;15915;73839;390247;20272;15842;15968;7333;10980;173290;8644;897;13031;376323;373836;15479;13733;13298;13355
Burkina Faso;Est;Kompienga;DS Pama;2022;6094;71935;34140;2408;567;3070;2629;2280;27287;127969;7618;5987;3299;1563;1444;32952;460;199;2424;52632;47520;5816;2485;2443;2455
Burkina Faso;Centre Sud;Nahouri;DS Po;2022;6638;268347;96909;7062;2227;7646;7924;7104;35839;208060;8298;6500;7585;3258;5428;67754;5789;760;6873;186508;186311;7391;7379;7309;7197
Burkina Faso;Centre Est;Kouritenga;DS Pouytenga;2022;10205;344617;112435;11289;3136;11956;11855;11865;46465;245578;12756;9969;11993;4925;7795;106122;7229;834;11440;216170;214537;9740;11858;11632;11675
Burkina Faso;Centre Ouest;Sanguie;DS Reo;2022;7451;224106;97086;7407;1623;8637;8368;8153;39011;212840;9314;7298;8203;3193;4640;83766;4390;743;7216;179537;171319;8086;7521;7435;7416
Burkina Faso;Centre Ouest;Boulkiemde;DS Sabou;2022;4184;160188;64193;4113;3710;4953;4940;4350;21907;119522;5230;4098;4275;2244;3739;61014;4417;485;4038;125343;125222;4541;4232;4171;4143
Burkina Faso;Centre Sud;Bazega;DS Sapone;2022;3318;132941;48976;2804;1253;3314;3325;2770;17913;103987;4147;3249;2778;835;1667;47888;2233;278;2748;90367;90320;3694;2865;2835;2818
Burkina Faso;Centre Ouest;Ziro;DS Sapouy;2022;9085;294295;118769;8692;2903;10927;11000;9896;47564;259505;11356;8898;9816;3985;6831;114482;8613;808;8666;223143;216934;9860;8904;8831;8759
Burkina Faso;Sahel;Yagha;DS Sebba;2022;7585;147262;61414;5263;1522;6634;5341;3486;34236;178844;9481;7406;11936;3383;3591;46102;2981;709;5621;103960;94504;7240;5879;5705;5698
Burkina Faso;Centre;Kadiogo;DS Sig-Noghin;2022;22863;584987;227313;13246;4469;17741;17052;18473;92850;622462;28579;22226;24939;10920;14845;22962;23006;1242;13838;345049;344000;20961;14295;14091;14147
Burkina Faso;Cascades;Leraba;DS Sindou;2022;7996;215977;66835;8678;1659;8112;7926;9827;36212;193690;9995;7775;10009;4340;7031;65188;7754;895;8474;151853;151827;7602;9169;8956;8915
Burkina Faso;Boucle du Mouhoun;Banwa;DS Solenzo;2022;13489;285337;94891;13353;3847;14623;13311;8785;68591;370003;16862;13237;16367;7469;8862;84434;8153;963;13352;182946;178328;14372;13865;13676;13648
Burkina Faso;Nord;Yatenga;DS Seguenega;2022;11823;283682;100203;11810;4481;11562;11421;11846;52368;272463;14779;11634;12771;5451;9156;96529;10398;927;11753;207889;207889;10987;11967;11896;11788
Burkina Faso;Centre Ouest;Sanguie;DS Tenado;2022;7201;197739;71485;6659;4527;8236;7887;7807;37702;205699;9001;7053;7794;3365;6563;70641;7203;563;6558;137431;134962;7815;6755;6687;6675
Burkina Faso;Centre Est;Boulgou;DS Tenkodogo;2022;9874;426257;127180;9412;4691;10938;10470;10891;44959;237605;12342;9645;12041;5942;9031;113297;10516;1030;9491;303939;293320;9425;9600;9477;9499
Burkina Faso;Nord;Yatenga;DS Thiou;2022;8954;172985;58957;6391;2940;6897;5568;6776;39657;206341;11193;8811;8094;2737;2905;51541;3604;392;6271;115417;114893;8320;6410;6402;6356
Burkina Faso;Nord;Loroum;DS Titao;2022;9245;48565;19091;1297;398;2285;1211;2243;40948;213040;11556;9097;2412;972;512;18852;942;158;1380;41655;41156;8592;1414;1379;1399
Burkina Faso;Boucle du Mouhoun;Nayala;DS Toma;2022;8730;168078;56887;7133;2862;9550;9402;7754;44390;239449;10912;8566;8006;3096;4816;46762;5336;472;7282;111272;112651;9302;7446;7354;7339
Burkina Faso;Boucle du Mouhoun;Sourou;DS Tougan;2022;11083;298650;84417;10151;4029;12308;12133;10266;56360;304009;13854;10876;11791;4903;7727;60103;9703;828;9954;174307;175162;11810;10237;10151;10055
Burkina Faso;Centre Nord;Namentenga;DS Tougouri;2022;13383;296008;136124;9629;4315;14777;13452;16331;61300;308603;16729;13204;17287;5698;6746;117553;4503;473;9711;164917;139963;12955;9782;9726;9721
Burkina Faso;Nord;Passore;DS Yako;2022;21409;479864;147196;15825;7200;21366;20983;17116;94823;493348;26761;21066;17164;8857;12526;143233;14806;1479;15789;340940;341034;19894;16176;15937;15958
Burkina Faso;Centre Est;Boulgou;DS Zabre;2022;7651;263528;85845;8183;3380;8258;8151;8889;34840;184130;9564;7474;8846;4752;8591;81610;8495;699;7919;187941;187290;7304;8429;8349;8274
Burkina Faso;Plateau Central;Oubritenga;DS Ziniare;2022;13151;488150;158788;11170;3009;12868;11983;13280;62465;336222;16439;12915;13276;5528;8806;144573;11252;888;11206;344044;342887;13057;11638;11557;11467
Burkina Faso;Plateau Central;Ganzourgou;DS Zorgho;2022;20481;818562;278641;21130;6340;22117;21497;18570;97284;523614;25601;20114;22332;8929;15550;274838;10062;1789;21195;556810;554116;20336;21875;21637;21541
Burkina Faso;Cascades;Comoe;DS Banfora;2021;16513;483294;178672;15056;5586;17923;16802;20402;75817;401381;20642;16056;20926;9074;14172;169592;13323;1575;15463;329593;316589;15980;16262;15779;15505
Burkina Faso;Centre Nord;Sanmatenga;DS Barsalogho;2021;8816;207158;85047;4612;1247;5927;5199;6572;40939;204092;11021;8698;6855;3220;3067;27194;3642;463;4497;143805;129167;8687;4988;4632;4679
Burkina Faso;Centre;Kadiogo;DS Baskuy;2021;6693;209796;61302;3825;1589;6830;6856;6457;27547;182748;8366;6507;6614;2332;4963;11657;4307;351;4269;95811;106310;6242;4581;4255;4298
Burkina Faso;Sud Ouest;Noumbiel;DS Batie;2021;3895;162751;80269;5002;2903;5583;5096;6992;18626;103397;4868;3819;6540;4189;3944;73119;4898;333;4842;132582;132342;3910;5225;5101;5083
Burkina Faso;Centre Est;Boulgou;DS Bittou;2021;5927;217376;81099;6315;3966;6433;5901;5846;27368;143208;7409;5790;6528;2664;4083;51613;3778;723;5856;166585;170740;5761;6121;5740;6444
Burkina Faso;Est;Gnagna;DS Bogande;2021;21150;455510;205442;16690;6452;19003;18857;11495;95971;445726;26437;20780;23875;11946;14122;184461;8300;1525;18585;253230;228398;20539;19032;18863;18647
Burkina Faso;Centre;Kadiogo;DS Bogodogo;2021;36780;1039164;372526;20612;8468;30023;28865;33986;151360;1004153;45976;35755;33555;10696;15703;7729;20210;6549;22620;589609;624305;34299;25053;23072;23656
Burkina Faso;Boucle du Mouhoun;Bale;DS Boromo;2021;11282;317398;88270;13641;3999;13863;12560;15863;58189;310644;14102;11070;16980;6204;8229;77484;9585;1346;13761;206070;195247;12242;15016;14320;14366
Burkina Faso;Centre;Kadiogo;DS Boulmiougou;2021;40170;1120819;433922;24271;7791;32888;31900;32720;165308;1096695;50212;39050;32859;12575;18058;127066;29679;3168;28548;542295;570025;37460;33380;41299;30468
Burkina Faso;Centre Nord;Namentenga;DS Boulsa;2021;10498;265324;123007;10230;3104;10924;10445;12193;48751;243041;13123;10358;12293;5073;8265;121750;7454;785;10541;176178;176174;10344;10805;10690;10623
Burkina Faso;Centre Nord;Sanmatenga;DS Boussouma;2021;9853;249970;100871;8655;6883;10880;10434;10673;45751;228083;12316;9721;10593;5595;7723;95313;9231;658;8691;156721;158560;9708;8982;8679;8875
Burkina Faso;Plateau Central;Kourweogo;DS Bousse;2021;7336;233349;93293;5699;1888;7401;7328;5456;35350;188402;9170;7205;5640;2129;3871;88500;4971;595;5763;181692;177161;7419;6213;5884;5941
Burkina Faso;Hauts Bassins;Houet;DS Dafra;2021;16736;447892;155483;14897;7273;15271;13857;16053;73066;457561;20920;16351;16264;8753;12008;99429;13604;1643;13924;273259;258633;14896;15192;15030;14930
Burkina Faso;Hauts Bassins;Houet;DS Dande;2021;8756;371483;153410;11143;3262;12174;11393;12783;38227;239398;10945;8555;13342;6322;7241;112969;8660;1178;11367;245873;246567;7793;11817;11653;11534
Burkina Faso;Sud Ouest;Ioba;DS Dano;2021;10454;418049;191537;11303;2591;11535;10992;12786;50001;277580;13067;10250;12225;7462;9339;122469;10074;1348;11677;276499;277880;10495;12277;11625;11944
Burkina Faso;Boucle du Mouhoun;Mouhoun;DS Dedougou;2021;14789;358756;129383;15837;4228;18533;17679;19194;76275;407213;18486;14512;20105;9118;12532;112599;11939;1366;16002;207481;204955;16048;16653;10812;10871
Burkina Faso;Est;Tapoa;DS Diapaga;2021;30535;553241;263788;21268;9901;24483;22030;18924;138561;643507;38169;30000;32481;15609;18296;222324;18082;1615;21484;385722;365811;29654;22189;21472;21935
Burkina Faso;Sud Ouest;Bougouriba;DS Diebougou;2021;6080;230371;97331;6288;2941;7641;7762;7444;29081;161433;7600;5962;7020;3408;4943;90711;6190;625;6367;155344;155377;6104;6609;6411;6313
Burkina Faso;Sahel;Soum;DS Djibo;2021;15695;285445;135478;6260;3054;12910;11223;10896;71768;371178;19618;15325;15209;4909;2406;107896;6243;780;8887;210479;212703;15238;9583;6762;9016
Burkina Faso;Hauts Bassins;Houet;DS Do;2021;25288;737199;303203;23444;9992;26957;24527;22700;110403;691383;31611;24706;27352;12316;17439;238230;18554;2669;23301;432355;407900;22508;25586;25141;25113
Burkina Faso;Sahel;Seno;DS Dori;2021;17953;284455;120775;9712;2185;16059;11665;24295;82093;424591;22441;17529;24509;8375;4779;93888;8861;1570;11272;214522;230663;17430;11799;12113;11135
Burkina Faso;Est;Gourma;DS Fada;2021;21704;706392;328270;16913;10168;24469;22539;18702;98485;457388;27130;21324;26765;13754;15678;281400;14690;2187;18540;509663;503206;21077;20123;18963;18600
Burkina Faso;Sud Ouest;Poni;DS Gaoua;2021;9476;360013;166396;8817;4230;11381;10822;12102;45324;251611;11845;9291;11942;6199;7970;85553;6372;959;8911;276817;279272;9514;9095;9036;8955
Burkina Faso;Centre Est;Boulgou;DS Garango;2021;8941;368141;116824;7795;1478;8098;7748;8442;41277;216003;11177;8735;8816;4016;5828;71249;7335;562;7511;270827;254777;8687;7815;7728;7624
Burkina Faso;Est;Komandjari;DS Gayeri;2021;5213;169942;87171;6809;2795;7642;6916;5366;23656;109858;6516;5122;10038;6938;7121;80100;2423;504;6769;128796;125821;5062;7345;6413;7710
Burkina Faso;Sahel;Oudalan;DS Gorom-Gorom;2021;6698;245534;97730;5177;1661;13809;10426;13016;30627;158415;8373;6540;17507;7297;3903;91343;4831;638;5793;170222;169115;6502;6044;5992;5833
Burkina Faso;Nord;Zondoma;DS Gourcy;2021;10861;284955;103190;9547;2329;11898;11168;9861;48777;251267;13576;10687;10300;4018;6193;90952;5644;1054;9794;213879;214443;10276;10031;9903;9875
Burkina Faso;Hauts Bassins;Tuy;DS Hounde;2021;12607;501302;221743;13754;2343;15485;14752;14509;55038;344659;15759;12316;16300;8300;10476;187206;11565;1535;14784;344594;339663;11221;15761;15378;15517
Burkina Faso;Sud Ouest;Poni;DS Kampti;2021;4558;208017;92257;5245;2937;6715;5881;8112;21800;121030;5698;4470;8527;3840;4881;5724;4803;590;5274;151576;152376;4576;5586;5350;5314
Burkina Faso;Hauts Bassins;Houet;DS Karangasso Vigue;2021;4611;194765;96909;5923;2648;6920;6566;6988;20129;126055;5764;4505;7597;3682;5308;96909;4352;688;5867;150514;150494;4104;6052;5987;5950
Burkina Faso;Centre Nord;Sanmatenga;DS Kaya;2021;21417;613709;251358;19121;12169;22202;20516;24386;99448;495781;26771;21130;23432;13175;15873;220244;18357;1507;19177;342128;354734;21102;19598;19107;19135
Burkina Faso;Centre Sud;Bazega;DS Kombissiri;2021;5972;295989;101917;6096;1901;7305;7061;6252;32717;188077;7465;5848;6390;1620;4367;97264;5485;689;6180;211556;207405;6775;6635;6340;6196
Burkina Faso;Centre Nord;Bam;DS Kongoussi;2021;21815;536113;199161;18017;7962;18849;18289;21818;101295;504992;27269;21523;21022;9484;13060;176617;16463;1364;18227;331356;328928;21493;18929;18218;18478
Burkina Faso;Centre Ouest;Boulkiemde;DS Koudougou;2021;14784;535716;190545;11870;5884;16876;16246;15413;78549;424233;18480;14480;15668;6204;10985;178208;12522;1007;11907;355716;366214;16350;12604;12069;11991
Burkina Faso;Centre Est;Kouritenga;DS Koupela;2021;10966;369780;140029;10411;3850;10689;10289;10850;50628;264932;13707;10712;11063;3833;6978;81082;8173;1068;10273;257331;263801;10656;11024;10552;11708
Burkina Faso;Hauts Bassins;Houet;DS Lena;2021;2841;105943;47695;2659;834;2845;2706;3082;12404;77672;3551;2775;3017;1921;2517;47657;3491;320;2663;79015;79232;2529;2743;2721;2701
Burkina Faso;Centre Ouest;Sissili;DS Leo;2021;12398;409161;166783;13176;4313;13913;13426;15124;65879;355795;15497;12143;14927;5813;9677;162567;12337;1386;13079;327857;329009;13713;13474;13345;13182
Burkina Faso;Centre Sud;Zoundweogo;DS Manga;2021;10275;499064;165678;10355;2301;11913;11398;12236;56298;323626;12844;10062;10834;3878;7482;64488;10239;1336;10510;327730;318906;11658;11200;10722;10881
Burkina Faso;Cascades;Comoe;DS Mangodara;2021;10902;380297;173958;13845;3891;14188;12466;13756;50049;264970;13628;10600;18154;7370;10304;173958;8858;1573;13855;273496;273312;10549;14315;14259;14061
Burkina Faso;Est;Gnagna;DS Manni;2021;12786;240971;124553;9919;5783;11559;11218;10118;58018;269447;15982;12562;13649;8598;10616;122957;6495;613;9980;152257;150394;12417;10271;10086;10075
Burkina Faso;Hauts Bassins;Kenedougou;DS N'Dorola;2021;5772;209866;89723;5345;2056;6132;6048;6235;25198;157799;7215;5639;6350;3433;4775;89723;5334;411;5328;150748;150748;5138;5440;5403;5354
Burkina Faso;Centre Ouest;Boulkiemde;DS Nanoro;2021;6224;225457;101416;5274;2601;7221;6998;5471;33072;178602;7780;6096;5390;1913;3635;88559;3783;577;5267;180069;180069;6884;5686;5355;5323
Burkina Faso;Centre;Kadiogo;DS Nongr-Massom;2021;12491;458088;172391;10439;3023;13520;12195;15840;51401;341004;15613;12142;15060;6840;8276;7313;12989;1065;10354;251811;236284;11648;11523;11269;11376
Burkina Faso;Boucle du Mouhoun;Kossi;DS Nouna;2021;13461;356509;135934;15023;7261;16233;15535;18048;69424;370635;16826;13208;21191;9597;9834;129726;10322;1577;14740;227793;231089;14607;15937;11170;11866
Burkina Faso;Hauts Bassins;Kenedougou;DS Orodara;2021;9509;368836;139777;10861;3753;10581;9892;12058;41515;259974;11887;9290;12610;5489;7800;138035;9428;1149;10772;236599;238774;8463;11389;11162;11145
Burkina Faso;Nord;Yatenga;DS Ouahigouya;2021;17420;536170;180803;15913;5752;19775;18009;21243;78233;403025;21775;17142;19690;8247;11115;138404;15027;1466;15867;401548;399190;16482;16395;16339;16230
Burkina Faso;Centre Est;Koulpelogo;DS Ouargaye;2021;15682;484028;201287;13111;3783;15280;14517;13559;72401;378875;19602;15319;15874;7227;10830;200632;11469;1108;13147;384961;368950;15238;14011;13413;13063
Burkina Faso;Est;Kompienga;DS Pama;2021;5876;165474;81180;4864;1593;6208;5669;6696;26661;123824;7346;5774;6705;2666;3365;70671;1890;580;5081;132034;131910;5705;5458;5381;5382
Burkina Faso;Centre Sud;Nahouri;DS Po;2021;6440;278173;109617;7059;2300;8242;8166;7240;35283;202824;8050;6306;7655;3375;5515;79601;5031;810;7230;200036;198519;7306;7695;7579;7411
Burkina Faso;Centre Est;Kouritenga;DS Pouytenga;2021;9849;372535;147358;10946;2939;11156;11137;11422;45470;237950;12311;9621;11503;4221;7318;101155;7613;903;10665;280772;255369;9570;11271;11416;10916
Burkina Faso;Centre Ouest;Sanguie;DS Reo;2021;7223;226322;102099;7177;2195;9007;8583;8023;38381;207276;9029;7074;8079;3154;4426;85646;3855;812;7215;178527;177581;7989;7576;7478;7453
Burkina Faso;Centre Ouest;Boulkiemde;DS Sabou;2021;4050;168093;70926;4081;2358;4956;5063;4291;21523;116228;5063;3967;4255;2274;3473;65282;3391;593;4140;130783;130268;4480;4315;4166;4162
Burkina Faso;Centre Sud;Bazega;DS Sapone;2021;3227;143512;56790;2839;1364;3431;3473;2992;17682;101642;4034;3160;2668;1027;1819;55343;2307;262;2816;94630;95060;3661;2954;2846;2854
Burkina Faso;Centre Ouest;Ziro;DS Sapouy;2021;8786;290063;131931;8544;2343;11672;11301;10362;46686;252139;10983;8605;9321;3559;6091;122267;7061;974;8512;228823;230602;9717;8939;8649;8514
Burkina Faso;Sahel;Yagha;DS Sebba;2021;7418;163315;65920;4942;1217;10368;9183;9199;33922;175437;9273;7243;15317;4766;3028;51719;2162;757;6704;129863;139988;7202;7424;5572;6537
Burkina Faso;Centre;Kadiogo;DS Sig-Noghin;2021;21746;534986;212853;11303;3574;17357;15754;18470;89490;593694;27182;21140;23383;9862;13050;11342;24123;1028;11914;286907;279645;20279;12299;12145;12180
Burkina Faso;Cascades;Leraba;DS Sindou;2021;7729;211852;73505;8775;1876;8146;7800;8229;35484;187855;9661;7515;10059;4445;6572;68120;5249;945;8344;144839;145751;7479;9540;8750;8867
Burkina Faso;Boucle du Mouhoun;Banwa;DS Solenzo;2021;13085;355093;122686;15263;4600;15868;14672;16841;67486;360278;16356;12839;18232;7529;9441;118129;10304;1207;14686;201243;198778;14199;15385;14892;14960
Burkina Faso;Nord;Yatenga;DS Seguenega;2021;11398;274524;105034;11553;4803;12410;12113;12151;51185;263685;14247;11216;12477;5907;9243;99516;9336;1079;11734;203927;203196;10783;11987;11815;11812
Burkina Faso;Centre Ouest;Sanguie;DS Tenado;2021;6968;202103;75211;6660;5287;8589;8200;7196;37025;199967;8710;6825;8012;4267;7766;73667;7917;676;6757;143116;143116;7706;7068;6880;6879
Burkina Faso;Centre Est;Boulgou;DS Tenkodogo;2021;9581;454376;159276;9178;4049;10304;10089;10287;44234;231467;11976;9359;12076;5719;9186;129721;9367;1107;8999;302299;290978;9310;9239;9043;9059
Burkina Faso;Nord;Yatenga;DS Thiou;2021;8654;187192;72834;7358;4251;7897;7204;10332;38867;200223;10818;8516;10151;3273;4264;68647;5929;577;7383;116806;116923;8188;7474;7452;7403
Burkina Faso;Nord;Loroum;DS Titao;2021;8943;159735;63215;5513;946;6439;5808;7667;40165;206906;11179;8800;7789;3290;3213;62318;4986;538;5563;98959;97358;8462;5659;5603;5583
Burkina Faso;Boucle du Mouhoun;Nayala;DS Toma;2021;8451;152046;56128;7431;3663;9533;9275;8310;43583;232685;10564;8293;8857;3252;5509;42689;7155;706;7753;91833;91938;9170;7946;7751;7726
Burkina Faso;Boucle du Mouhoun;Sourou;DS Tougan;2021;10750;233371;78935;9240;3812;11811;11310;11424;55441;295989;13437;10548;12731;5351;7044;46948;6921;809;10073;152490;152085;11665;10438;10266;10261
Burkina Faso;Centre Nord;Namentenga;DS Tougouri;2021;12871;346137;161490;12414;7125;16523;15024;18959;59767;297958;16089;12699;18649;7608;8755;149055;8948;803;12476;216406;216415;12683;12612;12508;12491
Burkina Faso;Nord;Passore;DS Yako;2021;20695;482339;166099;15554;5801;21118;20423;17593;92944;478796;25869;20364;17651;8623;11357;161033;15271;1524;15821;340247;340217;19580;16399;16276;16170
Burkina Faso;Centre Est;Boulgou;DS Zabre;2021;7383;287482;105542;7460;2321;8307;7907;8778;34088;178371;9229;7213;8911;4230;7146;79086;6962;961;7897;201377;198756;7174;8322;8277;8125
Burkina Faso;Plateau Central;Oubritenga;DS Ziniare;2021;12739;487891;166625;10599;2632;12450;11513;12261;61382;327153;15924;12510;14060;4822;7687;149729;9556;1070;10633;325345;336462;12884;11347;9127;9264
Burkina Faso;Plateau Central;Ganzourgou;DS Zorgho;2021;19744;842349;316480;20426;6084;21812;20851;20093;95138;507073;24680;19390;21984;7666;14693;294860;11758;1794;20715;603269;591641;19968;21381;21023;20962
Burkina Faso;Cascades;Comoe;DS Banfora;2020;20739;457078;175439;13115;4996;16293;15527;15889;70159;437097;24887;19669;18954;7900;11019;153383;10203;1828;13641;316116;294845;15207;14166;13873;13907
Burkina Faso;Centre Nord;Sanmatenga;DS Barsalogho;2020;10706;114644;56780;2949;596;5294;3456;4072;45025;215836;12848;10353;4292;1399;1014;22952;1474;294;3026;73578;71712;9670;3243;3196;3209
Burkina Faso;Centre;Kadiogo;DS Baskuy;2020;12849;224848;63783;3886;1291;6928;6680;6133;35949;349273;15419;12468;6419;2020;3400;3011;2915;247;3354;103449;90460;7606;4067;4039;4017
Burkina Faso;Sud Ouest;Noumbiel;DS Batie;2020;4935;150784;72016;4519;2703;5310;5362;5723;19401;106803;5922;4684;6188;3642;3513;62372;3834;321;4297;111589;111201;4235;4707;4660;4626
Burkina Faso;Centre Est;Boulgou;DS Bittou;2020;6876;192746;72519;5013;1846;5694;5571;4455;29060;143098;8251;6639;6202;2199;3494;1491;3988;624;5188;141968;136824;6167;5483;5395;5389
Burkina Faso;Est;Gnagna;DS Bogande;2020;23739;439032;207515;16019;5463;18767;17632;14004;80739;412760;28487;22857;20563;10101;10505;180870;12553;1265;15946;238520;191123;17781;16727;16503;16467
Burkina Faso;Centre;Kadiogo;DS Bogodogo;2020;31604;923673;315147;18878;7281;29740;28588;26746;120589;929403;37925;30666;29487;7299;15269;61;13222;2085;20250;473649;388929;23724;22923;22772;22512
Burkina Faso;Boucle du Mouhoun;Bale;DS Boromo;2020;15376;290243;77163;11605;3510;12627;11558;11697;57211;313839;18451;14812;13494;5594;6404;66396;7432;977;11360;157193;151074;12370;12674;12443;12393
Burkina Faso;Centre;Kadiogo;DS Boulmiougou;2020;33276;934567;345679;22477;7410;32066;29881;23486;146365;1031732;39931;32289;29522;7952;14246;112948;14015;2988;24765;494560;361868;30956;28384;28047;27772
Burkina Faso;Centre Nord;Namentenga;DS Boulsa;2020;12197;255449;123818;9219;3436;10655;10247;10845;43668;235664;14636;11794;10915;4788;5903;121336;7116;893;9536;167499;167180;9026;10149;10014;10009
Burkina Faso;Centre Nord;Sanmatenga;DS Boussouma;2020;12548;231002;94464;8043;6315;10278;9941;9778;44456;239894;15057;12133;9755;4300;6627;92346;7013;636;8055;153213;153217;9837;8359;8246;8262
Burkina Faso;Plateau Central;Kourweogo;DS Bousse;2020;9348;213434;91460;5763;1693;7324;7386;5729;36108;194897;11217;9060;5767;2209;3519;82277;4172;610;5577;157973;157974;7852;6098;5960;5984
Burkina Faso;Hauts Bassins;Houet;DS Dafra;2020;18151;426244;155850;12620;6109;13719;12931;12594;51124;382270;21781;17581;14118;6884;8925;35032;8918;1275;11272;251692;229531;10802;12821;12672;12617
Burkina Faso;Hauts Bassins;Houet;DS Dande;2020;12409;320759;141413;9877;2263;11532;11021;7531;57287;305148;14891;12020;11821;5118;5877;49216;7284;990;9432;205352;205051;11760;10226;10042;9974
Burkina Faso;Sud Ouest;Ioba;DS Dano;2020;12629;368341;170030;9776;2132;11005;10679;10250;49657;273366;15155;11988;11623;6436;7071;107236;6852;1157;9667;265248;263154;10841;10483;10337;10331
Burkina Faso;Boucle du Mouhoun;Mouhoun;DS Dedougou;2020;21370;334835;119724;14006;4882;16708;15847;16032;79518;436187;25644;20585;17359;8238;9636;95606;8552;1203;13811;185965;173195;17193;15153;14909;14958
Burkina Faso;Est;Tapoa;DS Diapaga;2020;31224;521154;235200;18488;7264;23439;22032;19363;106792;539953;37469;30063;30768;13615;16044;214855;12238;1637;18709;351779;317569;23352;20828;20593;20328
Burkina Faso;Sud Ouest;Bougouriba;DS Diebougou;2020;7052;210664;86512;5664;2180;6863;6895;5596;27727;152643;8462;6694;6496;2831;3703;75962;4293;533;5590;138663;138324;6053;5979;5862;5858
Burkina Faso;Sahel;Soum;DS Djibo;2020;25229;213226;112665;3741;983;7111;4892;5790;97246;532121;30275;23913;10766;3109;1137;86777;1146;359;4659;149297;152115;21124;5598;5556;5473
Burkina Faso;Hauts Bassins;Houet;DS Do;2020;27858;706808;296385;19616;9388;24161;22863;21559;85359;601962;33429;26984;24190;10491;13726;230007;13644;2148;20173;382479;353679;18248;22166;21748;21728
Burkina Faso;Sahel;Seno;DS Dori;2020;18833;252660;111618;6681;1876;10300;8224;18364;72571;397198;22600;17850;21293;5139;3529;77512;7328;863;7490;191870;188567;15759;7949;7856;7864
Burkina Faso;Est;Gourma;DS Fada;2020;27225;619698;295009;16259;7644;23555;22771;17488;93117;470818;32670;26213;24953;11256;11554;244864;11905;1618;16657;457640;440366;20361;17543;17373;17309
Burkina Faso;Sud Ouest;Poni;DS Gaoua;2020;10254;310648;148136;7956;3693;10735;10300;10540;37830;220659;12305;9734;11843;5450;6881;27045;6986;792;8269;227556;221746;8117;8664;8578;8534
Burkina Faso;Centre Est;Boulgou;DS Garango;2020;12060;335537;114694;7971;1198;8278;7967;7052;41697;237955;14473;11645;8068;2982;4902;7810;5731;623;7847;243147;162646;9572;8143;7983;7962
Burkina Faso;Est;Komandjari;DS Gayeri;2020;7555;154759;79733;5839;2045;6216;6204;6729;25839;130641;9066;7274;8280;5319;4238;64196;3927;487;5641;111951;110619;5650;6242;6151;6132
Burkina Faso;Sahel;Oudalan;DS Gorom-Gorom;2020;14537;198061;88183;3069;1021;8843;6674;10836;56033;306614;17445;13779;14344;4775;1840;84008;2703;449;3822;129757;128491;12172;4077;4037;3973
Burkina Faso;Nord;Zondoma;DS Gourcy;2020;11183;266950;101972;8839;2156;11356;10878;8993;46852;248495;13419;10788;10157;3566;5980;85884;9707;888;8716;199836;199045;10185;9846;9709;9708
Burkina Faso;Hauts Bassins;Tuy;DS Hounde;2020;15962;447954;210699;12717;2338;13641;12885;12122;55176;356704;19154;15461;15568;7241;8321;63107;9393;1296;13182;303316;296543;11537;14083;13871;13796
Burkina Faso;Sud Ouest;Poni;DS Kampti;2020;7494;174813;78306;4702;2330;6625;6023;6512;31952;163523;8993;7113;8100;3647;3698;4273;3671;622;4745;128696;128810;7118;4901;4823;4824
Burkina Faso;Hauts Bassins;Houet;DS Karangasso Vigue;2020;4901;165605;85879;5257;1489;6232;6009;5606;21773;117856;5882;4748;6886;3668;4004;85258;4079;615;5304;133129;134780;4475;5373;5273;5188
Burkina Faso;Centre Nord;Sanmatenga;DS Kaya;2020;22430;539277;242638;16997;10532;21202;19658;22199;78833;431146;26915;21689;21905;9595;12058;227875;14118;1218;16701;297744;287269;17132;17290;17054;17171
Burkina Faso;Centre Sud;Bazega;DS Kombissiri;2020;9727;267345;95391;5885;1676;7042;7105;5631;38365;209756;11673;9466;6210;1212;3734;89342;5101;487;5551;191616;190455;8422;6115;6008;5990
Burkina Faso;Centre Nord;Bam;DS Kongoussi;2020;21126;426196;164600;14365;5688;17614;16650;16366;77832;410123;25351;20429;18296;7681;8917;155682;10760;1120;14919;261791;260986;16942;16012;15844;15724
Burkina Faso;Centre Ouest;Boulkiemde;DS Koudougou;2020;19781;497038;178048;11005;5429;16757;16459;14241;72588;415873;23737;18859;15072;5267;8311;172127;10181;1102;11470;349618;320037;15922;12345;12204;12192
Burkina Faso;Centre Est;Kouritenga;DS Koupela;2020;12843;335944;130952;9046;2935;10206;9876;10193;48308;265681;15411;12400;10344;2932;5764;993;6523;968;9530;234175;205884;10273;10659;10476;10449
Burkina Faso;Hauts Bassins;Houet;DS Lena;2020;3439;94724;44197;2461;798;2792;2756;2989;15222;84608;4127;3331;3031;1895;2342;42105;2305;337;2477;71156;71727;2967;2563;2509;2510
Burkina Faso;Centre Ouest;Sissili;DS Leo;2020;14891;378024;155521;12464;4766;13861;13673;13751;57469;316900;17869;14197;14870;5446;8312;151702;10295;1229;11923;275067;266597;12415;12887;12684;12607
Burkina Faso;Centre Sud;Zoundweogo;DS Manga;2020;16504;450916;155052;9092;1726;11638;11436;10077;63929;357923;19805;16060;10603;3298;6587;20099;7888;1166;9483;293073;267124;13872;10085;9904;9921
Burkina Faso;Cascades;Comoe;DS Mangodara;2020;11711;356354;160700;12243;4342;13793;13440;10791;47796;256489;14053;11106;16378;6855;7951;157934;6992;1567;11899;258556;258994;9915;12511;12265;12266
Burkina Faso;Est;Gnagna;DS Manni;2020;11789;238369;122410;8968;4426;11366;10848;9170;40781;201650;14147;11350;12511;7153;8101;120097;5969;574;8768;151417;148890;8792;9093;8958;8982
Burkina Faso;Hauts Bassins;Kenedougou;DS N'Dorola;2020;7432;166750;77759;4849;1504;5812;5674;5910;37955;140404;8919;7199;6358;3585;4201;77597;4502;405;4856;109217;109275;5752;5006;4934;4915
Burkina Faso;Centre Ouest;Boulkiemde;DS Nanoro;2020;8419;212728;102439;5465;2000;7515;7191;6053;35172;185160;10103;8026;5917;1363;3254;79508;3895;677;5499;157846;151154;7202;5816;5713;5725
Burkina Faso;Centre;Kadiogo;DS Nongr-Massom;2020;13100;393047;132113;7727;2087;13624;13012;8970;49560;394045;15721;12712;11641;3120;4998;465;4887;848;7255;157771;122688;10429;9189;9093;9061
Burkina Faso;Boucle du Mouhoun;Kossi;DS Nouna;2020;19550;344377;144433;13222;6527;15571;14916;17310;72743;399032;23460;18832;17394;8698;8322;142814;9972;1323;13155;214640;213828;15728;14436;14263;14176
Burkina Faso;Hauts Bassins;Kenedougou;DS Orodara;2020;12658;317989;128397;9972;3348;10091;9716;10489;28835;200620;15189;12261;12334;4672;7112;123603;8414;961;9864;193045;194362;6114;11125;11021;10914
Burkina Faso;Nord;Yatenga;DS Ouahigouya;2020;16800;501259;175604;13873;5107;17720;16930;17199;64935;372016;20160;16208;18066;6388;8755;140983;11490;1326;14519;351060;348176;14128;15550;15379;15413
Burkina Faso;Centre Est;Koulpelogo;DS Ouargaye;2020;19482;448083;195825;12323;4104;14515;14287;8921;74118;397627;23379;18811;16194;6538;9286;192216;8577;1278;12285;329275;177974;16112;13144;12875;12858
Burkina Faso;Est;Kompienga;DS Pama;2020;7864;158577;76860;4400;1292;5715;5510;5914;26896;135991;9437;7571;6279;1982;2777;68853;3577;458;4619;124938;124517;5881;5012;4938;4902
Burkina Faso;Centre Sud;Nahouri;DS Po;2020;10822;234408;91304;6489;1944;7891;7963;6923;41912;234668;12986;10531;7645;2753;4976;40321;5350;707;6414;175888;175149;9095;6990;6884;6777
Burkina Faso;Centre Est;Kouritenga;DS Pouytenga;2020;11405;352561;153341;9986;2166;10493;10299;9644;43945;229212;13686;11012;10102;3870;5487;36186;6625;756;9431;403400;208665;9781;10658;10472;10469
Burkina Faso;Centre Ouest;Sanguie;DS Reo;2020;10176;202260;91875;6894;2842;9116;8987;7707;39330;220400;12212;9702;8034;2564;3871;76460;4914;690;6811;144555;138727;8501;7300;7146;7181
Burkina Faso;Centre Ouest;Boulkiemde;DS Sabou;2020;5613;155846;68770;3582;2241;4934;4989;4359;22735;118556;6736;5352;4364;2129;3036;62567;3314;504;3903;128062;127319;5067;3993;3915;3932
Burkina Faso;Centre Sud;Bazega;DS Sapone;2020;5357;126137;52537;2812;1347;3523;3511;2782;20053;117334;6428;5212;2837;903;1651;50406;2197;397;2902;81259;80667;4255;3147;3101;3082
Burkina Faso;Centre Ouest;Ziro;DS Sapouy;2020;13125;259493;119542;7907;2682;10906;10802;9220;50656;279317;15750;12513;9361;3150;5244;106770;6727;961;8077;202008;206942;10943;8589;8401;8418
Burkina Faso;Sahel;Yagha;DS Sebba;2020;10127;195029;93016;4914;1252;12745;9863;7587;38971;213958;12152;9598;15228;2893;1464;59847;2333;609;5880;133125;132774;8448;6616;6527;6466
Burkina Faso;Centre;Kadiogo;DS Sig-Noghin;2020;12238;377943;156520;8301;2858;15755;15376;12047;53419;375922;14686;11875;15084;4886;7834;6592;6482;904;8468;189951;164325;11478;9487;9384;9392
Burkina Faso;Cascades;Leraba;DS Sindou;2020;8754;184754;66321;7358;1783;7220;6977;7128;31821;187100;10504;8302;9325;3899;5374;65464;5389;956;7317;125603;125031;6778;8064;7894;7827
Burkina Faso;Boucle du Mouhoun;Banwa;DS Solenzo;2020;19261;302565;112881;14065;3865;16052;15065;13537;71677;393167;23114;18555;16347;6829;7738;102977;9201;1093;14154;187552;186890;15498;14847;14474;14506
Burkina Faso;Nord;Yatenga;DS Seguenega;2020;10807;256445;99795;10347;2965;12450;12384;9601;47566;237368;12969;10426;11300;3796;7294;83536;6993;1211;10215;185860;182158;10878;10985;10874;10836
Burkina Faso;Centre Ouest;Sanguie;DS Tenado;2020;9625;197158;72044;6401;5068;7896;7828;6249;37091;200991;11550;9176;7948;3396;5398;68275;5593;579;6586;140121;131247;8008;6746;6617;6680
Burkina Faso;Centre Est;Boulgou;DS Tenkodogo;2020;12703;389350;146798;8164;3407;10044;9788;7159;48133;261732;15243;12265;11143;5037;7029;113171;7435;899;8349;282126;250497;10711;9005;8911;8684
Burkina Faso;Nord;Yatenga;DS Thiou;2020;8621;176926;72626;7177;4276;8758;7873;9577;39273;195655;10345;8317;9824;2952;3894;70284;5517;486;7283;121205;121223;7986;7462;7386;7419
Burkina Faso;Nord;Loroum;DS Titao;2020;9507;139537;65565;4313;764;6712;6002;4790;39832;211262;11408;9172;6798;1741;2138;58947;3305;550;4300;91140;89369;8658;4773;4701;4718
Burkina Faso;Boucle du Mouhoun;Nayala;DS Toma;2020;11424;164999;58840;7851;4089;9183;9070;8190;42511;233189;13709;11005;8347;3553;4772;49969;6170;636;7449;98170;98178;9191;7966;7863;7891
Burkina Faso;Boucle du Mouhoun;Sourou;DS Tougan;2020;15232;204199;67698;8720;3886;10087;9926;10680;56680;310919;18279;14673;10927;4689;6096;53803;6692;680;8592;139364;139421;12255;9135;8955;8920
Burkina Faso;Centre Nord;Namentenga;DS Tougouri;2020;13048;306581;149825;7788;4906;14535;12704;16889;49338;254419;15658;12617;16153;5527;4679;137381;7476;489;8180;195696;195702;11219;8515;8420;8439
Burkina Faso;Nord;Passore;DS Yako;2020;20668;435519;157341;14967;5618;20352;19875;16290;86588;459269;24802;19939;16905;8257;10172;142358;12110;1152;14851;310026;307672;18823;16073;15756;15862
Burkina Faso;Centre Est;Boulgou;DS Zabre;2020;8160;265151;103764;7392;1882;7463;7216;8165;32529;169505;9792;7878;8378;3257;5591;30325;5406;685;7461;192146;164241;6466;8009;7875;7841
Burkina Faso;Plateau Central;Oubritenga;DS Ziniare;2020;16430;469136;185845;10292;2430;12435;11697;10531;63467;342574;19716;15924;11619;4122;6431;122526;7650;1033;11244;314468;308395;13801;11369;11137;11164
Burkina Faso;Plateau Central;Ganzourgou;DS Zorgho;2020;22284;779512;312769;18820;4310;21035;20316;15587;86084;464635;26740;21598;20570;6027;12538;297997;14928;1571;18897;546058;530177;18718;20266;19904;19879
